"snapshot_id","probability_stress_30d","review_rank","region","segment","model","evidence_partition"
"ID_FBC7588E16","0.9951721429824829","1","Northern Highlands","MVC","TabPFN-3.5-Plus","validation_demo"
"ID_ED9935073A","0.9950766563415527","2","Lake Zone (Northwest)","LVC","TabPFN-3.5-Plus","validation_demo"
"ID_9BA5077A22","0.9915496110916138","3","Coastal & Eastern Corridor","LVC","TabPFN-3.5-Plus","validation_demo"
"ID_27DDBDB1A1","0.9896690845489502","4","Islander","LVC","TabPFN-3.5-Plus","validation_demo"
"ID_218F502707","0.9858942031860352","5","Central Zone","LVC","TabPFN-3.5-Plus","validation_demo"
"ID_52A9DF412B","0.9841422438621521","6","Western Zone","LVC","TabPFN-3.5-Plus","validation_demo"
"ID_36F68A0B55","0.9811494946479797","7","Lake Zone (Northwest)","MVC","TabPFN-3.5-Plus","validation_demo"
"ID_7CE6A585FD","0.9809407591819763","8","Southern Highlands","MVC","TabPFN-3.5-Plus","validation_demo"
"ID_3A84EB9876","0.9806997776031494","9","Lake Zone (Northwest)","LVC","TabPFN-3.5-Plus","validation_demo"
"ID_6F9458A576","0.9791519641876221","10","Coastal & Eastern Corridor","LVC","TabPFN-3.5-Plus","validation_demo"
"ID_113C00FB24","0.9777129292488098","11","Southern Highlands","MVC","TabPFN-3.5-Plus","validation_demo"
"ID_7DAAEA6112","0.9766518473625183","12","Central Zone","LVC","TabPFN-3.5-Plus","validation_demo"
"ID_D56A1F0704","0.9754859805107117","13","Lake Zone (Northwest)","MVC","TabPFN-3.5-Plus","validation_demo"
"ID_657C49043C","0.9754056930541992","14","Western Zone","MVC","TabPFN-3.5-Plus","validation_demo"
"ID_2B2045BBAE","0.9727034568786621","15","Lake Zone (Northwest)","MVC","TabPFN-3.5-Plus","validation_demo"
"ID_FEF7933138","0.9692367315292358","16","Lake Zone (Northwest)","LVC","TabPFN-3.5-Plus","validation_demo"
"ID_F9893EF158","0.9666474461555481","17","Central Zone","LVC","TabPFN-3.5-Plus","validation_demo"
"ID_D00CC57765","0.9659994840621948","18","Northern Highlands","LVC","TabPFN-3.5-Plus","validation_demo"
"ID_763FD59A57","0.9638198018074036","19","Northern Highlands","LVC","TabPFN-3.5-Plus","validation_demo"
"ID_6A6761D4AD","0.9595437049865723","20","Western Zone","LVC","TabPFN-3.5-Plus","validation_demo"
"ID_606827FDDC","0.9590146541595459","21","Northern Highlands","MVC","TabPFN-3.5-Plus","validation_demo"
"ID_88D07D5398","0.9575693607330322","22","Western Zone","LVC","TabPFN-3.5-Plus","validation_demo"
"ID_B98E4D8353","0.9568130373954773","23","Islander","MVC","TabPFN-3.5-Plus","validation_demo"
"ID_3ABF8816D7","0.9565621614456177","24","Northern Highlands","LVC","TabPFN-3.5-Plus","validation_demo"
"ID_1A14A21B05","0.9561877846717834","25","Western Zone","LVC","TabPFN-3.5-Plus","validation_demo"
"ID_C4A5B05692","0.9480577707290649","26","Southern Highlands","MVC","TabPFN-3.5-Plus","validation_demo"
"ID_312ABBBB67","0.9474982023239136","27","Coastal & Eastern Corridor","MVC","TabPFN-3.5-Plus","validation_demo"
"ID_6A2918B712","0.9467275738716125","28","Lake Zone (Northwest)","MVC","TabPFN-3.5-Plus","validation_demo"
"ID_A1DF5024EF","0.9467236995697021","29","Southern Highlands","LVC","TabPFN-3.5-Plus","validation_demo"
"ID_46D842FAFA","0.9452728033065796","30","Coastal & Eastern Corridor","MVC","TabPFN-3.5-Plus","validation_demo"
"ID_0830ADCA5E","0.9390288591384888","31","Southern Highlands","MVC","TabPFN-3.5-Plus","validation_demo"
"ID_AA9DBBA7BB","0.9382262229919434","32","Southern Highlands","MVC","TabPFN-3.5-Plus","validation_demo"
"ID_C0721BEB17","0.9368593096733093","33","Northern Highlands","LVC","TabPFN-3.5-Plus","validation_demo"
"ID_6C38BB44C5","0.9366359710693359","34","Central Zone","MVC","TabPFN-3.5-Plus","validation_demo"
"ID_C9D3E5905A","0.9365190267562866","35","Southern Highlands","MVC","TabPFN-3.5-Plus","validation_demo"
"ID_31170561C9","0.9357383251190186","36","Coastal & Eastern Corridor","LVC","TabPFN-3.5-Plus","validation_demo"
"ID_17807DE601","0.9341204166412354","37","Coastal & Eastern Corridor","LVC","TabPFN-3.5-Plus","validation_demo"
"ID_5E119C399A","0.9332927465438843","38","Western Zone","LVC","TabPFN-3.5-Plus","validation_demo"
"ID_43DEFC374A","0.9332269430160522","39","Southern Highlands","LVC","TabPFN-3.5-Plus","validation_demo"
"ID_C9ED81B6E9","0.9328010082244873","40","Northern Highlands","LVC","TabPFN-3.5-Plus","validation_demo"
"ID_71C85619D0","0.9278283715248108","41","Coastal & Eastern Corridor","MVC","TabPFN-3.5-Plus","validation_demo"
"ID_00BCE6B973","0.9277193546295166","42","Central Zone","MVC","TabPFN-3.5-Plus","validation_demo"
"ID_A36E0B329B","0.9268088340759277","43","Coastal & Eastern Corridor","MVC","TabPFN-3.5-Plus","validation_demo"
"ID_98798BBB6C","0.9266235828399658","44","Central Zone","LVC","TabPFN-3.5-Plus","validation_demo"
"ID_9CB06FF970","0.9258245825767517","45","Islander","MVC","TabPFN-3.5-Plus","validation_demo"
"ID_160FCE9D46","0.924544095993042","46","Lake Zone (Northwest)","MVC","TabPFN-3.5-Plus","validation_demo"
"ID_0333ADE772","0.9207953810691833","47","Islander","MVC","TabPFN-3.5-Plus","validation_demo"
"ID_2845F421BD","0.9207724928855896","48","Islander","LVC","TabPFN-3.5-Plus","validation_demo"
"ID_601B0E5F01","0.9205935597419739","49","Southern Highlands","MVC","TabPFN-3.5-Plus","validation_demo"
"ID_D25E85CE9C","0.919944703578949","50","Northern Highlands","MVC","TabPFN-3.5-Plus","validation_demo"
"ID_5B0B15D878","0.9195641279220581","51","Coastal & Eastern Corridor","LVC","TabPFN-3.5-Plus","validation_demo"
"ID_D72DB32389","0.9195394515991211","52","Coastal & Eastern Corridor","LVC","TabPFN-3.5-Plus","validation_demo"
"ID_161F6ED8E1","0.9194862842559814","53","Central Zone","MVC","TabPFN-3.5-Plus","validation_demo"
"ID_EB062E44E3","0.9185439944267273","54","Coastal & Eastern Corridor","MVC","TabPFN-3.5-Plus","validation_demo"
"ID_C15F737055","0.9161819219589233","55","Lake Zone (Northwest)","MVC","TabPFN-3.5-Plus","validation_demo"
"ID_058EC906BF","0.9155246615409851","56","Central Zone","MVC","TabPFN-3.5-Plus","validation_demo"
"ID_8F38B01808","0.9155236482620239","57","Southern Highlands","MVC","TabPFN-3.5-Plus","validation_demo"
"ID_AAEB142E31","0.9150542616844177","58","Islander","HVC","TabPFN-3.5-Plus","validation_demo"
"ID_199659C02E","0.9135800004005432","59","Northern Highlands","LVC","TabPFN-3.5-Plus","validation_demo"
"ID_8CB7DB8529","0.9122505784034729","60","Coastal & Eastern Corridor","MVC","TabPFN-3.5-Plus","validation_demo"
"ID_C513AD8739","0.9106045961380005","61","Western Zone","HVC","TabPFN-3.5-Plus","validation_demo"
"ID_90001E2A18","0.9068429470062256","62","Southern Highlands","LVC","TabPFN-3.5-Plus","validation_demo"
"ID_C2068EFC7B","0.9037347435951233","63","Coastal & Eastern Corridor","MVC","TabPFN-3.5-Plus","validation_demo"
"ID_67D3396E9C","0.9015363454818726","64","Northern Highlands","MVC","TabPFN-3.5-Plus","validation_demo"
"ID_ADB914A327","0.9009730219841003","65","Coastal & Eastern Corridor","LVC","TabPFN-3.5-Plus","validation_demo"
"ID_D444BAEAAE","0.8995155096054077","66","Coastal & Eastern Corridor","MVC","TabPFN-3.5-Plus","validation_demo"
"ID_958391754C","0.8990307450294495","67","Coastal & Eastern Corridor","MVC","TabPFN-3.5-Plus","validation_demo"
"ID_E61F9E7093","0.8989238739013672","68","Lake Zone (Northwest)","MVC","TabPFN-3.5-Plus","validation_demo"
"ID_97C5555064","0.898486852645874","69","Coastal & Eastern Corridor","MVC","TabPFN-3.5-Plus","validation_demo"
"ID_31D582B41C","0.8983839154243469","70","Central Zone","MVC","TabPFN-3.5-Plus","validation_demo"
"ID_7CE8A8635D","0.897832989692688","71","Southern Highlands","LVC","TabPFN-3.5-Plus","validation_demo"
"ID_D06D881A3C","0.8972058892250061","72","Northern Highlands","LVC","TabPFN-3.5-Plus","validation_demo"
"ID_1FCEB800AA","0.8964104652404785","73","Southern Highlands","MVC","TabPFN-3.5-Plus","validation_demo"
"ID_33ED61082A","0.8943200707435608","74","Southern Highlands","MVC","TabPFN-3.5-Plus","validation_demo"
"ID_692A90DBDC","0.8941248655319214","75","Coastal & Eastern Corridor","MVC","TabPFN-3.5-Plus","validation_demo"
"ID_7CE15B4D39","0.8939813375473022","76","Lake Zone (Northwest)","HVC","TabPFN-3.5-Plus","validation_demo"
"ID_258ABAD451","0.8939607739448547","77","Coastal & Eastern Corridor","MVC","TabPFN-3.5-Plus","validation_demo"
"ID_AB02FC2EEC","0.8936536908149719","78","Western Zone","LVC","TabPFN-3.5-Plus","validation_demo"
"ID_E6129E595E","0.8932176232337952","79","Southern Highlands","MVC","TabPFN-3.5-Plus","validation_demo"
"ID_F46CB5BF17","0.8926569819450378","80","Islander","LVC","TabPFN-3.5-Plus","validation_demo"
"ID_F965C0CDFD","0.8919164538383484","81","Southern Highlands","MVC","TabPFN-3.5-Plus","validation_demo"
"ID_012241A938","0.8913825750350952","82","Central Zone","LVC","TabPFN-3.5-Plus","validation_demo"
"ID_985D806FE9","0.890515148639679","83","Southern Highlands","LVC","TabPFN-3.5-Plus","validation_demo"
"ID_CAA12963E3","0.8898957967758179","84","Coastal & Eastern Corridor","LVC","TabPFN-3.5-Plus","validation_demo"
"ID_B4B9A0E8C9","0.8882767558097839","85","Central Zone","MVC","TabPFN-3.5-Plus","validation_demo"
"ID_0381291ABC","0.8869892954826355","86","Coastal & Eastern Corridor","LVC","TabPFN-3.5-Plus","validation_demo"
"ID_E3C084AA91","0.8865466117858887","87","Islander","MVC","TabPFN-3.5-Plus","validation_demo"
"ID_E321798347","0.8857948184013367","88","Northern Highlands","LVC","TabPFN-3.5-Plus","validation_demo"
"ID_C81522C3E0","0.8850867748260498","89","Coastal & Eastern Corridor","LVC","TabPFN-3.5-Plus","validation_demo"
"ID_A654239BA3","0.8839298486709595","90","Lake Zone (Northwest)","LVC","TabPFN-3.5-Plus","validation_demo"
"ID_DA2BCFFE72","0.8829098343849182","91","Coastal & Eastern Corridor","MVC","TabPFN-3.5-Plus","validation_demo"
"ID_C25CD452F6","0.8812400698661804","92","Central Zone","MVC","TabPFN-3.5-Plus","validation_demo"
"ID_2BF87C5805","0.8808771967887878","93","Northern Highlands","LVC","TabPFN-3.5-Plus","validation_demo"
"ID_CDDA7EA6E5","0.8796907067298889","94","Coastal & Eastern Corridor","LVC","TabPFN-3.5-Plus","validation_demo"
"ID_BEA475FA38","0.8783330917358398","95","Southern Highlands","MVC","TabPFN-3.5-Plus","validation_demo"
"ID_8D70F3A630","0.8782129287719727","96","Coastal & Eastern Corridor","MVC","TabPFN-3.5-Plus","validation_demo"
"ID_C79785200E","0.8781130909919739","97","Northern Highlands","LVC","TabPFN-3.5-Plus","validation_demo"
"ID_35B032FCFD","0.877364993095398","98","Lake Zone (Northwest)","LVC","TabPFN-3.5-Plus","validation_demo"
"ID_0B0302E45C","0.8763504028320312","99","Coastal & Eastern Corridor","MVC","TabPFN-3.5-Plus","validation_demo"
"ID_86C2097069","0.8756932020187378","100","Southern Highlands","MVC","TabPFN-3.5-Plus","validation_demo"
"ID_F86B8B1D94","0.8743337392807007","101","Coastal & Eastern Corridor","LVC","TabPFN-3.5-Plus","validation_demo"
"ID_066AB28F00","0.8726802468299866","102","Central Zone","LVC","TabPFN-3.5-Plus","validation_demo"
"ID_107E7E677A","0.8726391196250916","103","Coastal & Eastern Corridor","MVC","TabPFN-3.5-Plus","validation_demo"
"ID_31AB4A3306","0.8720232248306274","104","Southern Highlands","MVC","TabPFN-3.5-Plus","validation_demo"
"ID_A22F73523B","0.8713946342468262","105","Northern Highlands","LVC","TabPFN-3.5-Plus","validation_demo"
"ID_1255762E01","0.8646504878997803","106","Southern Highlands","MVC","TabPFN-3.5-Plus","validation_demo"
"ID_1E015E80A4","0.8633527755737305","107","Coastal & Eastern Corridor","MVC","TabPFN-3.5-Plus","validation_demo"
"ID_AD30DA28DC","0.8628490567207336","108","Lake Zone (Northwest)","LVC","TabPFN-3.5-Plus","validation_demo"
"ID_E80F4F52DD","0.8621838688850403","109","Northern Highlands","HVC","TabPFN-3.5-Plus","validation_demo"
"ID_62F607D30D","0.8621528148651123","110","Coastal & Eastern Corridor","LVC","TabPFN-3.5-Plus","validation_demo"
"ID_E86B898428","0.8600441813468933","111","Southern Highlands","HVC","TabPFN-3.5-Plus","validation_demo"
"ID_F84495D89A","0.859741747379303","112","Southern Highlands","HVC","TabPFN-3.5-Plus","validation_demo"
"ID_E6D5B51086","0.8595885038375854","113","Lake Zone (Northwest)","MVC","TabPFN-3.5-Plus","validation_demo"
"ID_8E38E0CECE","0.8595482110977173","114","Lake Zone (Northwest)","LVC","TabPFN-3.5-Plus","validation_demo"
"ID_EFD2779D68","0.8594649434089661","115","Northern Highlands","HVC","TabPFN-3.5-Plus","validation_demo"
"ID_36E30852B3","0.8593461513519287","116","Northern Highlands","MVC","TabPFN-3.5-Plus","validation_demo"
"ID_DC9FFAA68F","0.8554229736328125","117","Southern Highlands","MVC","TabPFN-3.5-Plus","validation_demo"
"ID_FE0A5580CA","0.8538514375686646","118","Coastal & Eastern Corridor","MVC","TabPFN-3.5-Plus","validation_demo"
"ID_C3ABFEC6E2","0.8529402017593384","119","Central Zone","MVC","TabPFN-3.5-Plus","validation_demo"
"ID_D6EB4C51AD","0.852645218372345","120","Northern Highlands","MVC","TabPFN-3.5-Plus","validation_demo"
"ID_11909D4A95","0.8512622714042664","121","Central Zone","MVC","TabPFN-3.5-Plus","validation_demo"
"ID_25354C57A8","0.851026713848114","122","Southern Highlands","MVC","TabPFN-3.5-Plus","validation_demo"
"ID_14D6505586","0.8503193259239197","123","Central Zone","LVC","TabPFN-3.5-Plus","validation_demo"
"ID_BAA63AC0EB","0.8500091433525085","124","Western Zone","MVC","TabPFN-3.5-Plus","validation_demo"
"ID_5BEB982151","0.8495867252349854","125","Southern Highlands","MVC","TabPFN-3.5-Plus","validation_demo"
"ID_E9E375F2DE","0.8494572043418884","126","Northern Highlands","HVC","TabPFN-3.5-Plus","validation_demo"
"ID_9DFFDD32C9","0.8488629460334778","127","Northern Highlands","MVC","TabPFN-3.5-Plus","validation_demo"
"ID_2FE1E61491","0.8461767435073853","128","Northern Highlands","HVC","TabPFN-3.5-Plus","validation_demo"
"ID_0F6328E5CB","0.8456854224205017","129","Coastal & Eastern Corridor","MVC","TabPFN-3.5-Plus","validation_demo"
"ID_30D641E904","0.8454931974411011","130","Western Zone","HVC","TabPFN-3.5-Plus","validation_demo"
"ID_063EF6F208","0.8454311490058899","131","Northern Highlands","LVC","TabPFN-3.5-Plus","validation_demo"
"ID_E4550079AF","0.844967246055603","132","Southern Highlands","LVC","TabPFN-3.5-Plus","validation_demo"
"ID_F4636DA1BE","0.8446138501167297","133","Coastal & Eastern Corridor","LVC","TabPFN-3.5-Plus","validation_demo"
"ID_6542C17112","0.8431942462921143","134","Central Zone","LVC","TabPFN-3.5-Plus","validation_demo"
"ID_DEA0B68A6C","0.8428055047988892","135","Southern Highlands","MVC","TabPFN-3.5-Plus","validation_demo"
"ID_E20BF15DEA","0.8425961136817932","136","Coastal & Eastern Corridor","LVC","TabPFN-3.5-Plus","validation_demo"
"ID_B0032C4A88","0.8412490487098694","137","Central Zone","LVC","TabPFN-3.5-Plus","validation_demo"
"ID_FDAC070FC5","0.8393041491508484","138","Western Zone","LVC","TabPFN-3.5-Plus","validation_demo"
"ID_8FE3724FCF","0.8379059433937073","139","Western Zone","LVC","TabPFN-3.5-Plus","validation_demo"
"ID_FFE015C8A6","0.8358293175697327","140","Lake Zone (Northwest)","MVC","TabPFN-3.5-Plus","validation_demo"
"ID_7B231ABB54","0.8347218632698059","141","Southern Highlands","LVC","TabPFN-3.5-Plus","validation_demo"
"ID_5838DDF357","0.8346749544143677","142","Central Zone","MVC","TabPFN-3.5-Plus","validation_demo"
"ID_A5BF071226","0.8346748352050781","143","Central Zone","HVC","TabPFN-3.5-Plus","validation_demo"
"ID_3046ABB04D","0.834273099899292","144","Central Zone","HVC","TabPFN-3.5-Plus","validation_demo"
"ID_1F53F28402","0.8339648246765137","145","Southern Highlands","MVC","TabPFN-3.5-Plus","validation_demo"
"ID_CF0C50CD31","0.8333017826080322","146","Coastal & Eastern Corridor","MVC","TabPFN-3.5-Plus","validation_demo"
"ID_9A0219AE9F","0.8332808017730713","147","Lake Zone (Northwest)","LVC","TabPFN-3.5-Plus","validation_demo"
"ID_46D03DFD47","0.8332584500312805","148","Central Zone","MVC","TabPFN-3.5-Plus","validation_demo"
"ID_632ACF2BFB","0.8317651748657227","149","Central Zone","MVC","TabPFN-3.5-Plus","validation_demo"
"ID_0ABAFD8BC2","0.8316794633865356","150","Coastal & Eastern Corridor","LVC","TabPFN-3.5-Plus","validation_demo"
"ID_F8B314D1A9","0.830564022064209","151","Southern Highlands","MVC","TabPFN-3.5-Plus","validation_demo"
"ID_DD5D7642D9","0.8304442167282104","152","Southern Highlands","MVC","TabPFN-3.5-Plus","validation_demo"
"ID_9C6385AED6","0.8295209407806396","153","Lake Zone (Northwest)","MVC","TabPFN-3.5-Plus","validation_demo"
"ID_E0A5CD4AF0","0.8286375999450684","154","Northern Highlands","MVC","TabPFN-3.5-Plus","validation_demo"
"ID_448765D814","0.8267938494682312","155","Coastal & Eastern Corridor","HVC","TabPFN-3.5-Plus","validation_demo"
"ID_31C441239C","0.8255119919776917","156","Southern Highlands","LVC","TabPFN-3.5-Plus","validation_demo"
"ID_EC58D76120","0.8251447081565857","157","Coastal & Eastern Corridor","MVC","TabPFN-3.5-Plus","validation_demo"
"ID_ED538725EA","0.8243727087974548","158","Central Zone","MVC","TabPFN-3.5-Plus","validation_demo"
"ID_5BFD8DC9D6","0.8243138790130615","159","Coastal & Eastern Corridor","MVC","TabPFN-3.5-Plus","validation_demo"
"ID_AD9FF90A66","0.8241630792617798","160","Western Zone","LVC","TabPFN-3.5-Plus","validation_demo"
"ID_C35AB42524","0.8226128816604614","161","Coastal & Eastern Corridor","LVC","TabPFN-3.5-Plus","validation_demo"
"ID_3D3F2BEA8B","0.8217095136642456","162","Southern Highlands","LVC","TabPFN-3.5-Plus","validation_demo"
"ID_E81A2C11B3","0.8207899332046509","163","Central Zone","LVC","TabPFN-3.5-Plus","validation_demo"
"ID_52F25A35D4","0.8193219900131226","164","Southern Highlands","MVC","TabPFN-3.5-Plus","validation_demo"
"ID_10D22BD38E","0.8179061412811279","165","Central Zone","MVC","TabPFN-3.5-Plus","validation_demo"
"ID_2B55323D13","0.8169550895690918","166","Central Zone","LVC","TabPFN-3.5-Plus","validation_demo"
"ID_889023B11D","0.8151159286499023","167","Lake Zone (Northwest)","MVC","TabPFN-3.5-Plus","validation_demo"
"ID_094E9F49CB","0.8138546943664551","168","Coastal & Eastern Corridor","HVC","TabPFN-3.5-Plus","validation_demo"
"ID_A7805CFE5B","0.8137897253036499","169","Islander","MVC","TabPFN-3.5-Plus","validation_demo"
"ID_6BD7E23B7E","0.8128977417945862","170","Central Zone","MVC","TabPFN-3.5-Plus","validation_demo"
"ID_30D6D522F5","0.8116171360015869","171","Southern Highlands","MVC","TabPFN-3.5-Plus","validation_demo"
"ID_46CA01915A","0.810148298740387","172","Western Zone","LVC","TabPFN-3.5-Plus","validation_demo"
"ID_2B728355FE","0.8088556528091431","173","Northern Highlands","LVC","TabPFN-3.5-Plus","validation_demo"
"ID_CA44843A73","0.8081936240196228","174","Southern Highlands","HVC","TabPFN-3.5-Plus","validation_demo"
"ID_9B9F318F00","0.8073949813842773","175","Coastal & Eastern Corridor","LVC","TabPFN-3.5-Plus","validation_demo"
"ID_95C79CA60B","0.8065623044967651","176","Lake Zone (Northwest)","MVC","TabPFN-3.5-Plus","validation_demo"
"ID_78ABB56F5E","0.8063938021659851","177","Lake Zone (Northwest)","MVC","TabPFN-3.5-Plus","validation_demo"
"ID_765769BCC9","0.805566668510437","178","Coastal & Eastern Corridor","MVC","TabPFN-3.5-Plus","validation_demo"
"ID_3CEA066519","0.8051764369010925","179","Islander","LVC","TabPFN-3.5-Plus","validation_demo"
"ID_980362D312","0.8042483329772949","180","Coastal & Eastern Corridor","HVC","TabPFN-3.5-Plus","validation_demo"
"ID_981010562A","0.8020284175872803","181","Central Zone","HVC","TabPFN-3.5-Plus","validation_demo"
"ID_4332E45C44","0.8014650344848633","182","Northern Highlands","LVC","TabPFN-3.5-Plus","validation_demo"
"ID_7999159EA3","0.7993552684783936","183","Southern Highlands","HVC","TabPFN-3.5-Plus","validation_demo"
"ID_8D937DD6CC","0.7985445261001587","184","Islander","MVC","TabPFN-3.5-Plus","validation_demo"
"ID_AA8B0477FB","0.79713374376297","185","Central Zone","MVC","TabPFN-3.5-Plus","validation_demo"
"ID_057228FF9B","0.7963453531265259","186","Northern Highlands","MVC","TabPFN-3.5-Plus","validation_demo"
"ID_F41A5F6892","0.795465886592865","187","Coastal & Eastern Corridor","LVC","TabPFN-3.5-Plus","validation_demo"
"ID_10B5B8F59F","0.7947182655334473","188","Central Zone","LVC","TabPFN-3.5-Plus","validation_demo"
"ID_7010435592","0.7915215492248535","189","Coastal & Eastern Corridor","MVC","TabPFN-3.5-Plus","validation_demo"
"ID_7B9289D906","0.7857285141944885","190","Lake Zone (Northwest)","LVC","TabPFN-3.5-Plus","validation_demo"
"ID_55ACD14DF3","0.7853453755378723","191","Northern Highlands","MVC","TabPFN-3.5-Plus","validation_demo"
"ID_487061B645","0.785251259803772","192","Northern Highlands","MVC","TabPFN-3.5-Plus","validation_demo"
"ID_E31364FC12","0.7845813035964966","193","Southern Highlands","MVC","TabPFN-3.5-Plus","validation_demo"
"ID_F86495B982","0.7843418121337891","194","Coastal & Eastern Corridor","MVC","TabPFN-3.5-Plus","validation_demo"
"ID_6C14FA926D","0.7832741737365723","195","Northern Highlands","MVC","TabPFN-3.5-Plus","validation_demo"
"ID_78821E3840","0.7821694016456604","196","Northern Highlands","MVC","TabPFN-3.5-Plus","validation_demo"
"ID_D72100C62F","0.7808244228363037","197","Islander","HVC","TabPFN-3.5-Plus","validation_demo"
"ID_DAFC65760A","0.7805908918380737","198","Western Zone","MVC","TabPFN-3.5-Plus","validation_demo"
"ID_E59E85FDEE","0.7804083824157715","199","Western Zone","MVC","TabPFN-3.5-Plus","validation_demo"
"ID_991F10812B","0.7798762321472168","200","Southern Highlands","MVC","TabPFN-3.5-Plus","validation_demo"
"ID_4E654F7336","0.7797264456748962","201","Southern Highlands","MVC","TabPFN-3.5-Plus","validation_demo"
"ID_D15333B4DE","0.7795418500900269","202","Northern Highlands","MVC","TabPFN-3.5-Plus","validation_demo"
"ID_10C6ED48BA","0.7791871428489685","203","Western Zone","HVC","TabPFN-3.5-Plus","validation_demo"
"ID_FB77468A5A","0.7763742804527283","204","Coastal & Eastern Corridor","HVC","TabPFN-3.5-Plus","validation_demo"
"ID_0E60F4591B","0.7762607932090759","205","Central Zone","HVC","TabPFN-3.5-Plus","validation_demo"
"ID_270DDF92C5","0.7755728363990784","206","Central Zone","LVC","TabPFN-3.5-Plus","validation_demo"
"ID_8F23438F78","0.7754321098327637","207","Coastal & Eastern Corridor","LVC","TabPFN-3.5-Plus","validation_demo"
"ID_037A717D40","0.7737960815429688","208","Western Zone","LVC","TabPFN-3.5-Plus","validation_demo"
"ID_2CBB099536","0.7732862830162048","209","Lake Zone (Northwest)","HVC","TabPFN-3.5-Plus","validation_demo"
"ID_E10B8F3C72","0.7730075120925903","210","Coastal & Eastern Corridor","LVC","TabPFN-3.5-Plus","validation_demo"
"ID_806683F505","0.7720634937286377","211","Central Zone","LVC","TabPFN-3.5-Plus","validation_demo"
"ID_E290678014","0.7717859148979187","212","Coastal & Eastern Corridor","MVC","TabPFN-3.5-Plus","validation_demo"
"ID_5F2204A86B","0.7678809762001038","213","Central Zone","MVC","TabPFN-3.5-Plus","validation_demo"
"ID_B519D64EC3","0.767295777797699","214","Western Zone","HVC","TabPFN-3.5-Plus","validation_demo"
"ID_4357F8776D","0.7652701735496521","215","Southern Highlands","LVC","TabPFN-3.5-Plus","validation_demo"
"ID_AC561B4525","0.7650853395462036","216","Southern Highlands","MVC","TabPFN-3.5-Plus","validation_demo"
"ID_788ABE0946","0.7650535106658936","217","Southern Highlands","MVC","TabPFN-3.5-Plus","validation_demo"
"ID_4F950EEB59","0.7649039626121521","218","Coastal & Eastern Corridor","LVC","TabPFN-3.5-Plus","validation_demo"
"ID_D25C4CAD0F","0.7645713686943054","219","Western Zone","MVC","TabPFN-3.5-Plus","validation_demo"
"ID_2EFEB89791","0.7628552913665771","220","Southern Highlands","LVC","TabPFN-3.5-Plus","validation_demo"
"ID_59A835D4EB","0.7623806595802307","221","Coastal & Eastern Corridor","MVC","TabPFN-3.5-Plus","validation_demo"
"ID_F591978FB1","0.7614956498146057","222","Central Zone","MVC","TabPFN-3.5-Plus","validation_demo"
"ID_339075FD0D","0.7610499858856201","223","Lake Zone (Northwest)","LVC","TabPFN-3.5-Plus","validation_demo"
"ID_363D7BEDBA","0.759140133857727","224","Southern Highlands","MVC","TabPFN-3.5-Plus","validation_demo"
"ID_9947F0897D","0.7582862377166748","225","Islander","MVC","TabPFN-3.5-Plus","validation_demo"
"ID_22E5FC7038","0.7564157247543335","226","Southern Highlands","HVC","TabPFN-3.5-Plus","validation_demo"
"ID_96BED0071F","0.7561227679252625","227","Southern Highlands","MVC","TabPFN-3.5-Plus","validation_demo"
"ID_831F2D6663","0.7557535171508789","228","Northern Highlands","LVC","TabPFN-3.5-Plus","validation_demo"
"ID_5D44D2285C","0.7527107000350952","229","Western Zone","MVC","TabPFN-3.5-Plus","validation_demo"
"ID_695E4B2B05","0.7523689866065979","230","Western Zone","LVC","TabPFN-3.5-Plus","validation_demo"
"ID_97A058969A","0.7519370913505554","231","Coastal & Eastern Corridor","MVC","TabPFN-3.5-Plus","validation_demo"
"ID_91AA39DBEE","0.751740574836731","232","Coastal & Eastern Corridor","LVC","TabPFN-3.5-Plus","validation_demo"
"ID_1391B14EFC","0.7514647841453552","233","Coastal & Eastern Corridor","MVC","TabPFN-3.5-Plus","validation_demo"
"ID_336286035E","0.750533938407898","234","Lake Zone (Northwest)","MVC","TabPFN-3.5-Plus","validation_demo"
"ID_7C743F5298","0.7493467330932617","235","Lake Zone (Northwest)","MVC","TabPFN-3.5-Plus","validation_demo"
"ID_CB8FB869E4","0.747329592704773","236","Southern Highlands","MVC","TabPFN-3.5-Plus","validation_demo"
"ID_0F7418DDE3","0.7452304363250732","237","Northern Highlands","MVC","TabPFN-3.5-Plus","validation_demo"
"ID_4D11C6220D","0.7428040504455566","238","Central Zone","LVC","TabPFN-3.5-Plus","validation_demo"
"ID_10E56D51B6","0.7426570653915405","239","Coastal & Eastern Corridor","MVC","TabPFN-3.5-Plus","validation_demo"
"ID_5D2220D3A4","0.7425895929336548","240","Lake Zone (Northwest)","LVC","TabPFN-3.5-Plus","validation_demo"
"ID_9D1FE894CC","0.7425670027732849","241","Western Zone","LVC","TabPFN-3.5-Plus","validation_demo"
"ID_27C8CC3D4C","0.7419453859329224","242","Western Zone","MVC","TabPFN-3.5-Plus","validation_demo"
"ID_9959D7DF5C","0.7415434718132019","243","Northern Highlands","HVC","TabPFN-3.5-Plus","validation_demo"
"ID_983CB64AA7","0.7414875626564026","244","Southern Highlands","LVC","TabPFN-3.5-Plus","validation_demo"
"ID_CBA80E1724","0.7404863238334656","245","Northern Highlands","MVC","TabPFN-3.5-Plus","validation_demo"
"ID_5753AC7042","0.7401382923126221","246","Northern Highlands","LVC","TabPFN-3.5-Plus","validation_demo"
"ID_7739FE159A","0.7394053936004639","247","Coastal & Eastern Corridor","LVC","TabPFN-3.5-Plus","validation_demo"
"ID_85B815E5D3","0.7393258810043335","248","Lake Zone (Northwest)","LVC","TabPFN-3.5-Plus","validation_demo"
"ID_73176E19C2","0.7389602065086365","249","Central Zone","LVC","TabPFN-3.5-Plus","validation_demo"
"ID_7581E73103","0.738956093788147","250","Islander","HVC","TabPFN-3.5-Plus","validation_demo"
"ID_C0199779AD","0.738595724105835","251","Northern Highlands","LVC","TabPFN-3.5-Plus","validation_demo"
"ID_8D20C3BFDE","0.7321720123291016","252","Coastal & Eastern Corridor","MVC","TabPFN-3.5-Plus","validation_demo"
"ID_02B85309BB","0.7300505042076111","253","Northern Highlands","LVC","TabPFN-3.5-Plus","validation_demo"
"ID_8F68F8F754","0.7294274568557739","254","Western Zone","MVC","TabPFN-3.5-Plus","validation_demo"
"ID_BD9370C6B8","0.7278194427490234","255","Coastal & Eastern Corridor","LVC","TabPFN-3.5-Plus","validation_demo"
"ID_112C939C43","0.7277871966362","256","Coastal & Eastern Corridor","MVC","TabPFN-3.5-Plus","validation_demo"
"ID_B43FBAFC33","0.7276464104652405","257","Southern Highlands","LVC","TabPFN-3.5-Plus","validation_demo"
"ID_EB3415CFA1","0.7276402115821838","258","Southern Highlands","MVC","TabPFN-3.5-Plus","validation_demo"
"ID_16883A7C33","0.7270113229751587","259","Western Zone","LVC","TabPFN-3.5-Plus","validation_demo"
"ID_F57C9C8B38","0.7267181277275085","260","Lake Zone (Northwest)","MVC","TabPFN-3.5-Plus","validation_demo"
"ID_01B854D504","0.7262232899665833","261","Coastal & Eastern Corridor","MVC","TabPFN-3.5-Plus","validation_demo"
"ID_7471167930","0.7241690158843994","262","Coastal & Eastern Corridor","LVC","TabPFN-3.5-Plus","validation_demo"
"ID_1A449F73F3","0.7240669131278992","263","Southern Highlands","MVC","TabPFN-3.5-Plus","validation_demo"
"ID_6C9FAA1C55","0.7224143147468567","264","Northern Highlands","HVC","TabPFN-3.5-Plus","validation_demo"
"ID_C472B6FE56","0.7211438417434692","265","Lake Zone (Northwest)","LVC","TabPFN-3.5-Plus","validation_demo"
"ID_84530B652B","0.7203872799873352","266","Northern Highlands","MVC","TabPFN-3.5-Plus","validation_demo"
"ID_489B43E7C9","0.7171563506126404","267","Western Zone","MVC","TabPFN-3.5-Plus","validation_demo"
"ID_3D68F6B106","0.7155513167381287","268","Coastal & Eastern Corridor","MVC","TabPFN-3.5-Plus","validation_demo"
"ID_D172CADA31","0.71527498960495","269","Central Zone","MVC","TabPFN-3.5-Plus","validation_demo"
"ID_E4B4A1B68C","0.7148288488388062","270","Islander","LVC","TabPFN-3.5-Plus","validation_demo"
"ID_21FE04CD99","0.7146198153495789","271","Islander","LVC","TabPFN-3.5-Plus","validation_demo"
"ID_B060553332","0.7140682935714722","272","Coastal & Eastern Corridor","MVC","TabPFN-3.5-Plus","validation_demo"
"ID_A6F0C4FFA5","0.7137433290481567","273","Western Zone","LVC","TabPFN-3.5-Plus","validation_demo"
"ID_265DE76142","0.71036696434021","274","Islander","LVC","TabPFN-3.5-Plus","validation_demo"
"ID_DE06792D01","0.7098339796066284","275","Southern Highlands","LVC","TabPFN-3.5-Plus","validation_demo"
"ID_1095F887C1","0.7082250118255615","276","Northern Highlands","MVC","TabPFN-3.5-Plus","validation_demo"
"ID_20A2503035","0.7078027725219727","277","Northern Highlands","MVC","TabPFN-3.5-Plus","validation_demo"
"ID_A63D32D1D6","0.7074443101882935","278","Northern Highlands","LVC","TabPFN-3.5-Plus","validation_demo"
"ID_5E21374C3E","0.7064418792724609","279","Coastal & Eastern Corridor","LVC","TabPFN-3.5-Plus","validation_demo"
"ID_B6BEA882E7","0.7063251733779907","280","Southern Highlands","LVC","TabPFN-3.5-Plus","validation_demo"
"ID_93EAC9710B","0.7060130834579468","281","Coastal & Eastern Corridor","MVC","TabPFN-3.5-Plus","validation_demo"
"ID_96924FFC76","0.7058834433555603","282","Central Zone","LVC","TabPFN-3.5-Plus","validation_demo"
"ID_EDCDCA8B42","0.7055459022521973","283","Coastal & Eastern Corridor","LVC","TabPFN-3.5-Plus","validation_demo"
"ID_1278D995AC","0.7048286199569702","284","Lake Zone (Northwest)","MVC","TabPFN-3.5-Plus","validation_demo"
"ID_5658AC128B","0.7047918438911438","285","Southern Highlands","LVC","TabPFN-3.5-Plus","validation_demo"
"ID_1ABFCA7A5D","0.7047439813613892","286","Southern Highlands","MVC","TabPFN-3.5-Plus","validation_demo"
"ID_DEF2705834","0.7023854851722717","287","Southern Highlands","LVC","TabPFN-3.5-Plus","validation_demo"
"ID_7C8CA3F99F","0.702204704284668","288","Northern Highlands","LVC","TabPFN-3.5-Plus","validation_demo"
"ID_C29F629435","0.7015994787216187","289","Coastal & Eastern Corridor","MVC","TabPFN-3.5-Plus","validation_demo"
"ID_662CF744FE","0.700758159160614","290","Southern Highlands","LVC","TabPFN-3.5-Plus","validation_demo"
"ID_105B878A69","0.6970745325088501","291","Coastal & Eastern Corridor","LVC","TabPFN-3.5-Plus","validation_demo"
"ID_11FB53F716","0.6960942149162292","292","Northern Highlands","MVC","TabPFN-3.5-Plus","validation_demo"
"ID_BFBAFEB3F1","0.6953994631767273","293","Northern Highlands","MVC","TabPFN-3.5-Plus","validation_demo"
"ID_AAAFF78ABA","0.69258713722229","294","Northern Highlands","LVC","TabPFN-3.5-Plus","validation_demo"
"ID_32D90AC795","0.6918085217475891","295","Southern Highlands","LVC","TabPFN-3.5-Plus","validation_demo"
"ID_498D322384","0.6911094188690186","296","Coastal & Eastern Corridor","HVC","TabPFN-3.5-Plus","validation_demo"
"ID_A24A549C8E","0.6910081505775452","297","Northern Highlands","LVC","TabPFN-3.5-Plus","validation_demo"
"ID_81680734CC","0.6906360387802124","298","Western Zone","MVC","TabPFN-3.5-Plus","validation_demo"
"ID_B1B529D639","0.6890053749084473","299","Southern Highlands","MVC","TabPFN-3.5-Plus","validation_demo"
"ID_CA057640BA","0.6872844696044922","300","Coastal & Eastern Corridor","LVC","TabPFN-3.5-Plus","validation_demo"
"ID_5021180056","0.6861793994903564","301","Coastal & Eastern Corridor","LVC","TabPFN-3.5-Plus","validation_demo"
"ID_E212EEBD33","0.6854737997055054","302","Northern Highlands","LVC","TabPFN-3.5-Plus","validation_demo"
"ID_4079444FF3","0.6847333312034607","303","Central Zone","LVC","TabPFN-3.5-Plus","validation_demo"
"ID_090141AF65","0.6843374371528625","304","Central Zone","LVC","TabPFN-3.5-Plus","validation_demo"
"ID_48763F66F1","0.6843025088310242","305","Northern Highlands","MVC","TabPFN-3.5-Plus","validation_demo"
"ID_5D49816367","0.6838440895080566","306","Coastal & Eastern Corridor","LVC","TabPFN-3.5-Plus","validation_demo"
"ID_A3B69AED68","0.6834822297096252","307","Islander","LVC","TabPFN-3.5-Plus","validation_demo"
"ID_5EA019F377","0.6816087365150452","308","Coastal & Eastern Corridor","MVC","TabPFN-3.5-Plus","validation_demo"
"ID_449812DFA0","0.6815998554229736","309","Lake Zone (Northwest)","MVC","TabPFN-3.5-Plus","validation_demo"
"ID_59DBA0EC12","0.6813751459121704","310","Coastal & Eastern Corridor","LVC","TabPFN-3.5-Plus","validation_demo"
"ID_9A7DBF09CD","0.6811953783035278","311","Southern Highlands","HVC","TabPFN-3.5-Plus","validation_demo"
"ID_085F87719D","0.6808640956878662","312","Coastal & Eastern Corridor","LVC","TabPFN-3.5-Plus","validation_demo"
"ID_22C2758A85","0.6805753707885742","313","Coastal & Eastern Corridor","MVC","TabPFN-3.5-Plus","validation_demo"
"ID_5C634D47A2","0.677902102470398","314","Central Zone","MVC","TabPFN-3.5-Plus","validation_demo"
"ID_07F3247020","0.6771413087844849","315","Coastal & Eastern Corridor","MVC","TabPFN-3.5-Plus","validation_demo"
"ID_11BE487DDC","0.676639974117279","316","Northern Highlands","LVC","TabPFN-3.5-Plus","validation_demo"
"ID_FC8E48689F","0.6763597130775452","317","Central Zone","LVC","TabPFN-3.5-Plus","validation_demo"
"ID_BFB16CF8E4","0.6761926412582397","318","Coastal & Eastern Corridor","MVC","TabPFN-3.5-Plus","validation_demo"
"ID_F8B45349E9","0.6761224269866943","319","Western Zone","MVC","TabPFN-3.5-Plus","validation_demo"
"ID_60CFE5E4F7","0.6758979558944702","320","Western Zone","LVC","TabPFN-3.5-Plus","validation_demo"
"ID_A622983151","0.6736025810241699","321","Western Zone","MVC","TabPFN-3.5-Plus","validation_demo"
"ID_F88BA82DAA","0.6725925207138062","322","Central Zone","LVC","TabPFN-3.5-Plus","validation_demo"
"ID_C5072630EC","0.6722097992897034","323","Coastal & Eastern Corridor","LVC","TabPFN-3.5-Plus","validation_demo"
"ID_33BC60847C","0.6720399856567383","324","Coastal & Eastern Corridor","LVC","TabPFN-3.5-Plus","validation_demo"
"ID_898147B399","0.6713446378707886","325","Western Zone","LVC","TabPFN-3.5-Plus","validation_demo"
"ID_9CC3896F19","0.6689733266830444","326","Islander","MVC","TabPFN-3.5-Plus","validation_demo"
"ID_C8C899D233","0.6686683297157288","327","Coastal & Eastern Corridor","LVC","TabPFN-3.5-Plus","validation_demo"
"ID_46DBF6A612","0.6686669588088989","328","Central Zone","HVC","TabPFN-3.5-Plus","validation_demo"
"ID_69BC250310","0.6686599850654602","329","Islander","MVC","TabPFN-3.5-Plus","validation_demo"
"ID_D64A29D348","0.6684747934341431","330","Islander","MVC","TabPFN-3.5-Plus","validation_demo"
"ID_0956DBC824","0.6679593324661255","331","Lake Zone (Northwest)","MVC","TabPFN-3.5-Plus","validation_demo"
"ID_73546CF010","0.6663872003555298","332","Southern Highlands","LVC","TabPFN-3.5-Plus","validation_demo"
"ID_9DCFC21867","0.6654033660888672","333","Southern Highlands","MVC","TabPFN-3.5-Plus","validation_demo"
"ID_E586947562","0.6634429097175598","334","Coastal & Eastern Corridor","MVC","TabPFN-3.5-Plus","validation_demo"
"ID_1AA7D83D10","0.6633406281471252","335","Northern Highlands","MVC","TabPFN-3.5-Plus","validation_demo"
"ID_68783D8BEA","0.663105845451355","336","Central Zone","HVC","TabPFN-3.5-Plus","validation_demo"
"ID_50B8CDF041","0.6629692316055298","337","Southern Highlands","MVC","TabPFN-3.5-Plus","validation_demo"
"ID_8B6FFE9345","0.6617529392242432","338","Lake Zone (Northwest)","LVC","TabPFN-3.5-Plus","validation_demo"
"ID_7EE3C00F0C","0.6614179015159607","339","Southern Highlands","HVC","TabPFN-3.5-Plus","validation_demo"
"ID_0896E0D32D","0.661026120185852","340","Coastal & Eastern Corridor","LVC","TabPFN-3.5-Plus","validation_demo"
"ID_1B340FE370","0.6585405468940735","341","Lake Zone (Northwest)","LVC","TabPFN-3.5-Plus","validation_demo"
"ID_643836031C","0.6584877371788025","342","Southern Highlands","LVC","TabPFN-3.5-Plus","validation_demo"
"ID_3CD5D9F405","0.6583057045936584","343","Southern Highlands","MVC","TabPFN-3.5-Plus","validation_demo"
"ID_3A6ADA9D22","0.657278299331665","344","Western Zone","LVC","TabPFN-3.5-Plus","validation_demo"
"ID_6D9F1AFD5C","0.6570659875869751","345","Western Zone","HVC","TabPFN-3.5-Plus","validation_demo"
"ID_02039EBE94","0.6568525433540344","346","Northern Highlands","LVC","TabPFN-3.5-Plus","validation_demo"
"ID_425B171145","0.6553520560264587","347","Central Zone","LVC","TabPFN-3.5-Plus","validation_demo"
"ID_263828266A","0.6539275646209717","348","Southern Highlands","MVC","TabPFN-3.5-Plus","validation_demo"
"ID_BF8D5F938F","0.6528329849243164","349","Northern Highlands","HVC","TabPFN-3.5-Plus","validation_demo"
"ID_3C1076FF38","0.6527432799339294","350","Southern Highlands","MVC","TabPFN-3.5-Plus","validation_demo"
"ID_315AEE1460","0.6520363092422485","351","Central Zone","MVC","TabPFN-3.5-Plus","validation_demo"
"ID_1412821A04","0.6516125202178955","352","Coastal & Eastern Corridor","HVC","TabPFN-3.5-Plus","validation_demo"
"ID_4F283B4D39","0.65145343542099","353","Western Zone","LVC","TabPFN-3.5-Plus","validation_demo"
"ID_91F6886D43","0.6510255336761475","354","Coastal & Eastern Corridor","HVC","TabPFN-3.5-Plus","validation_demo"
"ID_864DD09FED","0.6500148773193359","355","Northern Highlands","MVC","TabPFN-3.5-Plus","validation_demo"
"ID_2B4302A9E5","0.6497787237167358","356","Southern Highlands","LVC","TabPFN-3.5-Plus","validation_demo"
"ID_F58B648137","0.6497418880462646","357","Western Zone","LVC","TabPFN-3.5-Plus","validation_demo"
"ID_DD2C9EDF37","0.6482231616973877","358","Western Zone","LVC","TabPFN-3.5-Plus","validation_demo"
"ID_6E73896AEE","0.6457391977310181","359","Northern Highlands","MVC","TabPFN-3.5-Plus","validation_demo"
"ID_BE9C3905D4","0.6454820036888123","360","Western Zone","HVC","TabPFN-3.5-Plus","validation_demo"
"ID_5D92B53EFE","0.6454455852508545","361","Southern Highlands","HVC","TabPFN-3.5-Plus","validation_demo"
"ID_26128E15CF","0.6444455981254578","362","Northern Highlands","LVC","TabPFN-3.5-Plus","validation_demo"
"ID_7AA8E83089","0.6440892219543457","363","Lake Zone (Northwest)","MVC","TabPFN-3.5-Plus","validation_demo"
"ID_2FA753D993","0.6440302729606628","364","Coastal & Eastern Corridor","MVC","TabPFN-3.5-Plus","validation_demo"
"ID_F6A0E7D71D","0.6428215503692627","365","Northern Highlands","HVC","TabPFN-3.5-Plus","validation_demo"
"ID_2BB357C127","0.6420514583587646","366","Southern Highlands","MVC","TabPFN-3.5-Plus","validation_demo"
"ID_6D8A755F51","0.64178466796875","367","Coastal & Eastern Corridor","LVC","TabPFN-3.5-Plus","validation_demo"
"ID_1D697FE459","0.6413980722427368","368","Lake Zone (Northwest)","MVC","TabPFN-3.5-Plus","validation_demo"
"ID_D190A3DE3E","0.6404926776885986","369","Northern Highlands","MVC","TabPFN-3.5-Plus","validation_demo"
"ID_3DDB4008F7","0.6402587890625","370","Coastal & Eastern Corridor","LVC","TabPFN-3.5-Plus","validation_demo"
"ID_361C8CC419","0.6401599645614624","371","Coastal & Eastern Corridor","MVC","TabPFN-3.5-Plus","validation_demo"
"ID_AF3ECE6318","0.6399499773979187","372","Southern Highlands","HVC","TabPFN-3.5-Plus","validation_demo"
"ID_7A1155FFB5","0.6397545337677002","373","Central Zone","LVC","TabPFN-3.5-Plus","validation_demo"
"ID_424CA2CE54","0.6369699239730835","374","Coastal & Eastern Corridor","LVC","TabPFN-3.5-Plus","validation_demo"
"ID_F4102C9C43","0.6369377374649048","375","Central Zone","LVC","TabPFN-3.5-Plus","validation_demo"
"ID_5ED6B0CB18","0.6363523006439209","376","Coastal & Eastern Corridor","MVC","TabPFN-3.5-Plus","validation_demo"
"ID_4C99A9D0AB","0.6360080242156982","377","Southern Highlands","LVC","TabPFN-3.5-Plus","validation_demo"
"ID_18F8F0986E","0.635586142539978","378","Southern Highlands","LVC","TabPFN-3.5-Plus","validation_demo"
"ID_0009D03C38","0.6348893642425537","379","Coastal & Eastern Corridor","MVC","TabPFN-3.5-Plus","validation_demo"
"ID_1504B4CC39","0.6308555006980896","380","Western Zone","MVC","TabPFN-3.5-Plus","validation_demo"
"ID_4EE2703D3C","0.6308525800704956","381","Southern Highlands","LVC","TabPFN-3.5-Plus","validation_demo"
"ID_C1DF84C4D2","0.6306761503219604","382","Central Zone","MVC","TabPFN-3.5-Plus","validation_demo"
"ID_9602D8EF33","0.6280335187911987","383","Coastal & Eastern Corridor","LVC","TabPFN-3.5-Plus","validation_demo"
"ID_EBE8AD4B85","0.6273545622825623","384","Coastal & Eastern Corridor","LVC","TabPFN-3.5-Plus","validation_demo"
"ID_82B25BB95D","0.6269169449806213","385","Southern Highlands","LVC","TabPFN-3.5-Plus","validation_demo"
"ID_B79CD4C59C","0.6264329552650452","386","Lake Zone (Northwest)","MVC","TabPFN-3.5-Plus","validation_demo"
"ID_0AC639D2CD","0.6254334449768066","387","Coastal & Eastern Corridor","LVC","TabPFN-3.5-Plus","validation_demo"
"ID_D58EB44BFC","0.6244049668312073","388","Islander","MVC","TabPFN-3.5-Plus","validation_demo"
"ID_667F06FA9D","0.6241036057472229","389","Lake Zone (Northwest)","LVC","TabPFN-3.5-Plus","validation_demo"
"ID_219FE9D08A","0.6239247918128967","390","Southern Highlands","LVC","TabPFN-3.5-Plus","validation_demo"
"ID_FDD4946DBA","0.6235134601593018","391","Lake Zone (Northwest)","LVC","TabPFN-3.5-Plus","validation_demo"
"ID_A071B4D457","0.6230919361114502","392","Coastal & Eastern Corridor","LVC","TabPFN-3.5-Plus","validation_demo"
"ID_1FBA30CDC2","0.6227379441261292","393","Islander","MVC","TabPFN-3.5-Plus","validation_demo"
"ID_B0D0C769FC","0.6216613054275513","394","Western Zone","LVC","TabPFN-3.5-Plus","validation_demo"
"ID_34DBFAEE8D","0.6214833855628967","395","Northern Highlands","LVC","TabPFN-3.5-Plus","validation_demo"
"ID_803D2146ED","0.6208274364471436","396","Lake Zone (Northwest)","LVC","TabPFN-3.5-Plus","validation_demo"
"ID_11E493F528","0.6201562285423279","397","Northern Highlands","MVC","TabPFN-3.5-Plus","validation_demo"
"ID_9E635E4BE7","0.6195132732391357","398","Southern Highlands","LVC","TabPFN-3.5-Plus","validation_demo"
"ID_589D327AED","0.618118405342102","399","Southern Highlands","MVC","TabPFN-3.5-Plus","validation_demo"
"ID_63D40A828C","0.6174523234367371","400","Central Zone","LVC","TabPFN-3.5-Plus","validation_demo"
